Unit,Departure Time,Driver Name,Run,Driver (on days off),Shift,Date
101,04:30,Lisa Yellow,"South Warehouse, Ocean Port, Mountain Processing",Tom Blue,Day,2025-03-17
101,16:00,Kevin Red,"South Warehouse, Central Depot, Ocean Port",Tom Blue,Night,2025-03-17
102,06:00,Anna Black,"Ocean Port, Central Depot",Emily Purple,Day,2025-03-17
102,16:00,Chris Magenta,"Highland Storage, North Mill, Central Depot",Emily Purple,Night,2025-03-17
103,04:30,Anna Black,"Highland Storage, North Mill",Paul Gold,Day,2025-03-17
103,16:00,Mary Green,"Mountain Processing, Highland Storage",Paul Gold,Night,2025-03-17
104,05:00,Rachel Amber,"Lowland Depot, East Farm, Central Depot",Michael White,Day,2025-03-17
104,16:00,Lisa Yellow,"Central Depot, South Warehouse, West Collection Center",Michael White,Night,2025-03-17
105,05:00,Nancy Silver,"West Collection Center, Ocean Port",David Orange,Day,2025-03-17
105,16:00,Michael White,"Valley Farm, Mountain Processing, North Mill",David Orange,Night,2025-03-17
106,05:30,Nancy Silver,"Mountain Processing, Highland Storage, Ocean Port",Lisa Yellow,Day,2025-03-17
106,16:00,George Lime,"Central Depot, Ocean Port, Lowland Depot",Lisa Yellow,Night,2025-03-17
107,06:00,Lisa Yellow,"Mountain Processing, Ocean Port",Jack Brown,Day,2025-03-17
107,16:00,Michael White,"Highland Storage, Lowland Depot, East Farm",Jack Brown,Night,2025-03-17
108,04:30,David Orange,"South Warehouse, East Farm, North Mill",Anna Black,Day,2025-03-17
108,16:00,Sarah Cyan,"Ocean Port, North Mill",Anna Black,Night,2025-03-17
109,05:00,Paul Gold,"Highland Storage, East Farm, Lowland Depot",Nancy Silver,Day,2025-03-17
109,16:00,Michael White,"West Collection Center, Lowland Depot",Nancy Silver,Night,2025-03-17
110,06:00,Jack Brown,"Highland Storage, East Farm, North Mill",Jane Smith,Day,2025-03-17
110,16:00,Michael White,"Ocean Port, North Mill, Central Depot",Jane Smith,Night,2025-03-17
121,05:00,Paul Gold,"Central Depot, Highland Storage",Jack Brown,Day,2025-03-17
121,16:00,Kevin Red,"Highland Storage, Ocean Port, North Mill",Jack Brown,Night,2025-03-17
122,05:00,Kevin Red,"North Mill, East Farm, Lowland Depot",Tom Blue,Day,2025-03-17
122,16:00,Emily Purple,"Ocean Port, Lowland Depot",Tom Blue,Night,2025-03-17
123,06:00,Susan Grey,"North Mill, East Farm, Lowland Depot",Emily Purple,Day,2025-03-17
123,16:00,Jane Smith,"East Farm, Valley Farm, Mountain Processing",Emily Purple,Night,2025-03-17
124,06:30,George Lime,"Lowland Depot, Valley Farm, West Collection Center",Kevin Red,Day,2025-03-17
124,16:00,Sarah Cyan,"Central Depot, East Farm, West Collection Center",Kevin Red,Night,2025-03-17
125,06:00,Anna Black,"Ocean Port, Lowland Depot",Michael White,Day,2025-03-17
125,16:00,Tom Blue,"East Farm, South Warehouse, Valley Farm",Michael White,Night,2025-03-17
126,05:30,Rachel Amber,"North Mill, West Collection Center",Nancy Silver,Day,2025-03-17
126,16:00,Susan Grey,"Ocean Port, South Warehouse, East Farm",Nancy Silver,Night,2025-03-17
127,06:30,Rachel Amber,"Ocean Port, Mountain Processing",Emily Purple,Day,2025-03-17
127,16:00,Lisa Yellow,"South Warehouse, Ocean Port, North Mill",Emily Purple,Night,2025-03-17
128,04:30,Rachel Amber,"Valley Farm, Ocean Port, Highland Storage",Jane Smith,Day,2025-03-17
128,16:00,Mary Green,"Ocean Port, Mountain Processing",Jane Smith,Night,2025-03-17
129,05:00,Chris Magenta,"Highland Storage, Central Depot",David Orange,Day,2025-03-17
129,16:00,Jane Smith,"North Mill, Valley Farm, West Collection Center",David Orange,Night,2025-03-17
130,04:30,Nancy Silver,"East Farm, South Warehouse, West Collection Center",Jane Smith,Day,2025-03-17
130,16:00,Jack Brown,"Highland Storage, North Mill, South Warehouse",Jane Smith,Night,2025-03-17
131,06:30,Michael White,"Mountain Processing, Ocean Port",George Lime,Day,2025-03-17
131,16:00,Sarah Cyan,"South Warehouse, Central Depot",George Lime,Night,2025-03-17
132,05:30,Susan Grey,"Highland Storage, North Mill",David Orange,Day,2025-03-17
132,16:00,Kevin Red,"Central Depot, North Mill",David Orange,Night,2025-03-17
133,05:30,Susan Grey,"Valley Farm, Highland Storage",George Lime,Day,2025-03-17
133,16:00,Rachel Amber,"Mountain Processing, Central Depot",George Lime,Night,2025-03-17
134,05:00,Rachel Amber,"West Collection Center, Lowland Depot",Michael White,Day,2025-03-17
134,16:00,Emily Purple,"Valley Farm, Lowland Depot, South Warehouse",Michael White,Night,2025-03-17
135,05:00,Kevin Red,"North Mill, East Farm, Valley Farm",Paul Gold,Day,2025-03-17
135,16:00,Mary Green,"Ocean Port, Central Depot",Paul Gold,Night,2025-03-17
136,05:00,Michael White,"East Farm, Ocean Port",Lisa Yellow,Day,2025-03-17
136,16:00,Susan Grey,"South Warehouse, East Farm",Lisa Yellow,Night,2025-03-17
137,06:00,Nancy Silver,"Central Depot, Lowland Depot, Ocean Port",John Doe,Day,2025-03-17
137,16:00,Mary Green,"South Warehouse, Mountain Processing, East Farm",John Doe,Night,2025-03-17
138,04:30,Emily Purple,"Valley Farm, Highland Storage",Michael White,Day,2025-03-17
138,16:00,Nancy Silver,"Valley Farm, Highland Storage, Lowland Depot",Michael White,Night,2025-03-17
139,05:30,Emily Purple,"East Farm, Highland Storage",Sarah Cyan,Day,2025-03-17
139,16:00,Jack Brown,"Ocean Port, North Mill, Lowland Depot",Sarah Cyan,Night,2025-03-17
140,06:30,Nancy Silver,"South Warehouse, Valley Farm",George Lime,Day,2025-03-17
140,16:00,Susan Grey,"Central Depot, Ocean Port",George Lime,Night,2025-03-17
141,06:30,Anna Black,"North Mill, Lowland Depot, Ocean Port",John Doe,Day,2025-03-17
141,16:00,Kevin Red,"East Farm, Mountain Processing, South Warehouse",John Doe,Night,2025-03-17
142,05:30,Emily Purple,"South Warehouse, Lowland Depot",John Doe,Day,2025-03-17
142,16:00,Paul Gold,"Mountain Processing, Lowland Depot, West Collection Center",John Doe,Night,2025-03-17
101,04:30,Lisa Yellow,"West Collection Center, Mountain Processing",Tom Blue,Day,2025-03-18
101,16:00,Kevin Red,"Mountain Processing, Lowland Depot",Tom Blue,Night,2025-03-18
102,06:30,Anna Black,"Central Depot, Mountain Processing",Emily Purple,Day,2025-03-18
102,16:00,Chris Magenta,"Ocean Port, East Farm",Emily Purple,Night,2025-03-18
103,05:30,Anna Black,"South Warehouse, Lowland Depot, East Farm",Paul Gold,Day,2025-03-18
103,16:00,Mary Green,"East Farm, West Collection Center",Paul Gold,Night,2025-03-18
104,04:30,Rachel Amber,"East Farm, Ocean Port, North Mill",Michael White,Day,2025-03-18
104,16:00,Lisa Yellow,"Ocean Port, West Collection Center",Michael White,Night,2025-03-18
105,05:00,Nancy Silver,"Central Depot, South Warehouse, North Mill",David Orange,Day,2025-03-18
105,16:00,Michael White,"Highland Storage, North Mill",David Orange,Night,2025-03-18
106,05:00,Nancy Silver,"East Farm, West Collection Center, Highland Storage",Lisa Yellow,Day,2025-03-18
106,16:00,George Lime,"Valley Farm, Central Depot, Highland Storage",Lisa Yellow,Night,2025-03-18
107,05:00,Lisa Yellow,"Lowland Depot, Ocean Port, Mountain Processing",Jack Brown,Day,2025-03-18
107,16:00,Michael White,"Mountain Processing, South Warehouse, North Mill",Jack Brown,Night,2025-03-18
108,05:30,David Orange,"North Mill, South Warehouse, Ocean Port",Anna Black,Day,2025-03-18
108,16:00,Sarah Cyan,"North Mill, Highland Storage, Valley Farm",Anna Black,Night,2025-03-18
109,05:30,Paul Gold,"Lowland Depot, Central Depot, Highland Storage",Nancy Silver,Day,2025-03-18
109,16:00,Michael White,"Highland Storage, South Warehouse, Mountain Processing",Nancy Silver,Night,2025-03-18
110,05:30,Jack Brown,"East Farm, Valley Farm",Jane Smith,Day,2025-03-18
110,16:00,Michael White,"Valley Farm, Highland Storage",Jane Smith,Night,2025-03-18
121,05:00,Paul Gold,"Mountain Processing, East Farm, Lowland Depot",Jack Brown,Day,2025-03-18
121,16:00,Kevin Red,"Lowland Depot, West Collection Center, Highland Storage",Jack Brown,Night,2025-03-18
122,06:30,Kevin Red,"East Farm, Central Depot, Highland Storage",Tom Blue,Day,2025-03-18
122,16:00,Emily Purple,"East Farm, Lowland Depot",Tom Blue,Night,2025-03-18
123,05:00,Susan Grey,"South Warehouse, Valley Farm, West Collection Center",Emily Purple,Day,2025-03-18
123,16:00,Jane Smith,"Central Depot, East Farm, Ocean Port",Emily Purple,Night,2025-03-18
124,06:00,George Lime,"Valley Farm, Lowland Depot",Kevin Red,Day,2025-03-18
124,16:00,Sarah Cyan,"Central Depot, West Collection Center",Kevin Red,Night,2025-03-18
125,05:00,Anna Black,"Central Depot, Highland Storage, Lowland Depot",Michael White,Day,2025-03-18
125,16:00,Tom Blue,"West Collection Center, East Farm",Michael White,Night,2025-03-18
126,05:00,Rachel Amber,"East Farm, West Collection Center",Nancy Silver,Day,2025-03-18
126,16:00,Susan Grey,"Valley Farm, Lowland Depot",Nancy Silver,Night,2025-03-18
127,05:00,Rachel Amber,"West Collection Center, Valley Farm",Emily Purple,Day,2025-03-18
127,16:00,Lisa Yellow,"Central Depot, Mountain Processing",Emily Purple,Night,2025-03-18
128,05:00,Rachel Amber,"Mountain Processing, South Warehouse",Jane Smith,Day,2025-03-18
128,16:00,Mary Green,"Ocean Port, North Mill",Jane Smith,Night,2025-03-18
129,06:00,Chris Magenta,"Highland Storage, West Collection Center",David Orange,Day,2025-03-18
129,16:00,Jane Smith,"Ocean Port, Lowland Depot",David Orange,Night,2025-03-18
130,04:30,Nancy Silver,"Central Depot, Ocean Port",Jane Smith,Day,2025-03-18
130,16:00,Jack Brown,"Valley Farm, Ocean Port, Highland Storage",Jane Smith,Night,2025-03-18
131,05:00,Michael White,"Valley Farm, North Mill, Highland Storage",George Lime,Day,2025-03-18
131,16:00,Sarah Cyan,"Valley Farm, Highland Storage",George Lime,Night,2025-03-18
132,06:30,Susan Grey,"Highland Storage, Mountain Processing",David Orange,Day,2025-03-18
132,16:00,Kevin Red,"Lowland Depot, South Warehouse",David Orange,Night,2025-03-18
133,04:30,Susan Grey,"East Farm, Mountain Processing",George Lime,Day,2025-03-18
133,16:00,Rachel Amber,"Mountain Processing, Lowland Depot, Central Depot",George Lime,Night,2025-03-18
134,06:30,Rachel Amber,"Highland Storage, Valley Farm",Michael White,Day,2025-03-18
134,16:00,Emily Purple,"Lowland Depot, Central Depot, East Farm",Michael White,Night,2025-03-18
135,06:00,Kevin Red,"East Farm, Ocean Port",Paul Gold,Day,2025-03-18
135,16:00,Mary Green,"South Warehouse, North Mill",Paul Gold,Night,2025-03-18
136,06:30,Michael White,"East Farm, West Collection Center, Ocean Port",Lisa Yellow,Day,2025-03-18
136,16:00,Susan Grey,"West Collection Center, North Mill",Lisa Yellow,Night,2025-03-18
137,05:30,Nancy Silver,"Central Depot, Lowland Depot",John Doe,Day,2025-03-18
137,16:00,Mary Green,"Ocean Port, West Collection Center",John Doe,Night,2025-03-18
138,06:30,Emily Purple,"South Warehouse, North Mill, West Collection Center",Michael White,Day,2025-03-18
138,16:00,Nancy Silver,"East Farm, West Collection Center, South Warehouse",Michael White,Night,2025-03-18
139,05:00,Emily Purple,"East Farm, Mountain Processing",Sarah Cyan,Day,2025-03-18
139,16:00,Jack Brown,"South Warehouse, Lowland Depot, Valley Farm",Sarah Cyan,Night,2025-03-18
140,06:00,Nancy Silver,"Lowland Depot, South Warehouse",George Lime,Day,2025-03-18
140,16:00,Susan Grey,"Valley Farm, Ocean Port, Highland Storage",George Lime,Night,2025-03-18
141,05:30,Anna Black,"Mountain Processing, Highland Storage, South Warehouse",John Doe,Day,2025-03-18
141,16:00,Kevin Red,"North Mill, Ocean Port, Highland Storage",John Doe,Night,2025-03-18
142,05:00,Emily Purple,"Highland Storage, Central Depot",John Doe,Day,2025-03-18
142,16:00,Paul Gold,"Lowland Depot, East Farm, Valley Farm",John Doe,Night,2025-03-18
101,06:30,Lisa Yellow,"Highland Storage, North Mill",Tom Blue,Day,2025-03-19
101,16:00,Kevin Red,"Highland Storage, Central Depot, West Collection Center",Tom Blue,Night,2025-03-19
102,04:30,Anna Black,"North Mill, Mountain Processing, East Farm",Emily Purple,Day,2025-03-19
102,16:00,Chris Magenta,"Central Depot, Lowland Depot",Emily Purple,Night,2025-03-19
103,05:30,Anna Black,"West Collection Center, Lowland Depot, Central Depot",Paul Gold,Day,2025-03-19
103,16:00,Mary Green,"Central Depot, Ocean Port, Valley Farm",Paul Gold,Night,2025-03-19
104,05:30,Rachel Amber,"South Warehouse, North Mill",Michael White,Day,2025-03-19
104,16:00,Lisa Yellow,"South Warehouse, Lowland Depot",Michael White,Night,2025-03-19
105,04:30,Nancy Silver,"Lowland Depot, Valley Farm",David Orange,Day,2025-03-19
105,16:00,Michael White,"Ocean Port, Valley Farm",David Orange,Night,2025-03-19
106,06:30,Nancy Silver,"Valley Farm, Lowland Depot, Highland Storage",Lisa Yellow,Day,2025-03-19
106,16:00,George Lime,"Ocean Port, Highland Storage",Lisa Yellow,Night,2025-03-19
107,06:30,Lisa Yellow,"Central Depot, South Warehouse",Jack Brown,Day,2025-03-19
107,16:00,Michael White,"East Farm, Central Depot, Valley Farm",Jack Brown,Night,2025-03-19
108,05:00,David Orange,"Lowland Depot, Central Depot",Anna Black,Day,2025-03-19
108,16:00,Sarah Cyan,"South Warehouse, North Mill, Highland Storage",Anna Black,Night,2025-03-19
109,05:00,Paul Gold,"West Collection Center, South Warehouse",Nancy Silver,Day,2025-03-19
109,16:00,Michael White,"Ocean Port, Valley Farm",Nancy Silver,Night,2025-03-19
110,06:00,Jack Brown,"Lowland Depot, South Warehouse, Ocean Port",Jane Smith,Day,2025-03-19
110,16:00,Michael White,"Ocean Port, East Farm, Central Depot",Jane Smith,Night,2025-03-19
121,04:30,Paul Gold,"West Collection Center, Lowland Depot",Jack Brown,Day,2025-03-19
121,16:00,Kevin Red,"West Collection Center, East Farm",Jack Brown,Night,2025-03-19
122,06:00,Kevin Red,"North Mill, Highland Storage, Ocean Port",Tom Blue,Day,2025-03-19
122,16:00,Emily Purple,"Mountain Processing, West Collection Center",Tom Blue,Night,2025-03-19
123,06:30,Susan Grey,"North Mill, East Farm, Central Depot",Emily Purple,Day,2025-03-19
123,16:00,Jane Smith,"Central Depot, Valley Farm, Ocean Port",Emily Purple,Night,2025-03-19
124,06:00,George Lime,"Lowland Depot, Mountain Processing",Kevin Red,Day,2025-03-19
124,16:00,Sarah Cyan,"West Collection Center, Lowland Depot",Kevin Red,Night,2025-03-19
125,04:30,Anna Black,"East Farm, South Warehouse",Michael White,Day,2025-03-19
125,16:00,Tom Blue,"North Mill, Valley Farm",Michael White,Night,2025-03-19
126,05:00,Rachel Amber,"North Mill, Valley Farm, East Farm",Nancy Silver,Day,2025-03-19
126,16:00,Susan Grey,"Mountain Processing, Highland Storage, Central Depot",Nancy Silver,Night,2025-03-19
127,06:00,Rachel Amber,"East Farm, North Mill, Ocean Port",Emily Purple,Day,2025-03-19
127,16:00,Lisa Yellow,"Valley Farm, Ocean Port",Emily Purple,Night,2025-03-19
128,05:00,Rachel Amber,"Valley Farm, West Collection Center",Jane Smith,Day,2025-03-19
128,16:00,Mary Green,"Highland Storage, South Warehouse, North Mill",Jane Smith,Night,2025-03-19
129,06:30,Chris Magenta,"East Farm, Valley Farm",David Orange,Day,2025-03-19
129,16:00,Jane Smith,"Central Depot, East Farm, Mountain Processing",David Orange,Night,2025-03-19
130,05:00,Nancy Silver,"Ocean Port, Central Depot, Lowland Depot",Jane Smith,Day,2025-03-19
130,16:00,Jack Brown,"North Mill, Valley Farm",Jane Smith,Night,2025-03-19
131,05:00,Michael White,"Valley Farm, Lowland Depot, East Farm",George Lime,Day,2025-03-19
131,16:00,Sarah Cyan,"West Collection Center, Highland Storage",George Lime,Night,2025-03-19
132,05:00,Susan Grey,"Valley Farm, Mountain Processing, Lowland Depot",David Orange,Day,2025-03-19
132,16:00,Kevin Red,"South Warehouse, Lowland Depot, West Collection Center",David Orange,Night,2025-03-19
133,06:00,Susan Grey,"Mountain Processing, Lowland Depot",George Lime,Day,2025-03-19
133,16:00,Rachel Amber,"Mountain Processing, Highland Storage",George Lime,Night,2025-03-19
134,06:00,Rachel Amber,"Ocean Port, East Farm, South Warehouse",Michael White,Day,2025-03-19
134,16:00,Emily Purple,"Highland Storage, Lowland Depot, West Collection Center",Michael White,Night,2025-03-19
135,05:00,Kevin Red,"Ocean Port, East Farm, Lowland Depot",Paul Gold,Day,2025-03-19
135,16:00,Mary Green,"East Farm, West Collection Center",Paul Gold,Night,2025-03-19
136,05:30,Michael White,"East Farm, North Mill, Ocean Port",Lisa Yellow,Day,2025-03-19
136,16:00,Susan Grey,"Highland Storage, North Mill",Lisa Yellow,Night,2025-03-19
137,05:30,Nancy Silver,"Mountain Processing, West Collection Center, Central Depot",John Doe,Day,2025-03-19
137,16:00,Mary Green,"East Farm, Ocean Port, North Mill",John Doe,Night,2025-03-19
138,06:00,Emily Purple,"Central Depot, West Collection Center",Michael White,Day,2025-03-19
138,16:00,Nancy Silver,"West Collection Center, Ocean Port",Michael White,Night,2025-03-19
139,05:30,Emily Purple,"North Mill, Highland Storage",Sarah Cyan,Day,2025-03-19
139,16:00,Jack Brown,"Lowland Depot, Ocean Port",Sarah Cyan,Night,2025-03-19
140,06:00,Nancy Silver,"Valley Farm, Highland Storage",George Lime,Day,2025-03-19
140,16:00,Susan Grey,"Lowland Depot, Ocean Port",George Lime,Night,2025-03-19
141,06:00,Anna Black,"West Collection Center, Valley Farm, Lowland Depot",John Doe,Day,2025-03-19
141,16:00,Kevin Red,"Valley Farm, Mountain Processing, South Warehouse",John Doe,Night,2025-03-19
142,05:30,Emily Purple,"East Farm, West Collection Center, Mountain Processing",John Doe,Day,2025-03-19
142,16:00,Paul Gold,"Valley Farm, Lowland Depot",John Doe,Night,2025-03-19
101,05:30,Kevin Red,"Mountain Processing, West Collection Center, Lowland Depot",Lisa Yellow,Day,2025-03-20
101,16:00,Tom Blue,"West Collection Center, Central Depot",Lisa Yellow,Night,2025-03-20
102,04:30,Chris Magenta,"Highland Storage, West Collection Center",Anna Black,Day,2025-03-20
102,16:00,Emily Purple,"North Mill, Lowland Depot",Anna Black,Night,2025-03-20
103,06:00,Mary Green,"Central Depot, West Collection Center, North Mill",Anna Black,Day,2025-03-20
103,16:00,Paul Gold,"Lowland Depot, West Collection Center, Ocean Port",Anna Black,Night,2025-03-20
104,05:00,Lisa Yellow,"Central Depot, Highland Storage, Mountain Processing",Rachel Amber,Day,2025-03-20
104,16:00,Michael White,"Mountain Processing, Lowland Depot, South Warehouse",Rachel Amber,Night,2025-03-20
105,05:00,Michael White,"Mountain Processing, Central Depot",Nancy Silver,Day,2025-03-20
105,16:00,David Orange,"North Mill, Lowland Depot, Ocean Port",Nancy Silver,Night,2025-03-20
106,05:00,George Lime,"West Collection Center, Mountain Processing",Nancy Silver,Day,2025-03-20
106,16:00,Lisa Yellow,"Valley Farm, Lowland Depot, South Warehouse",Nancy Silver,Night,2025-03-20
107,05:00,Michael White,"Central Depot, Valley Farm",Lisa Yellow,Day,2025-03-20
107,16:00,Jack Brown,"North Mill, South Warehouse, Valley Farm",Lisa Yellow,Night,2025-03-20
108,06:00,Sarah Cyan,"Highland Storage, Central Depot",David Orange,Day,2025-03-20
108,16:00,Anna Black,"West Collection Center, Lowland Depot, East Farm",David Orange,Night,2025-03-20
109,05:30,Michael White,"East Farm, Ocean Port, Mountain Processing",Paul Gold,Day,2025-03-20
109,16:00,Nancy Silver,"Highland Storage, East Farm, Valley Farm",Paul Gold,Night,2025-03-20
110,04:30,Michael White,"Highland Storage, Ocean Port",Jack Brown,Day,2025-03-20
110,16:00,Jane Smith,"East Farm, South Warehouse",Jack Brown,Night,2025-03-20
121,05:30,Kevin Red,"East Farm, Central Depot",Paul Gold,Day,2025-03-20
121,16:00,Jack Brown,"South Warehouse, Lowland Depot",Paul Gold,Night,2025-03-20
122,05:00,Emily Purple,"Mountain Processing, North Mill, Highland Storage",Kevin Red,Day,2025-03-20
122,16:00,Tom Blue,"South Warehouse, Valley Farm, North Mill",Kevin Red,Night,2025-03-20
123,06:00,Jane Smith,"South Warehouse, North Mill",Susan Grey,Day,2025-03-20
123,16:00,Emily Purple,"East Farm, Valley Farm",Susan Grey,Night,2025-03-20
124,06:00,Sarah Cyan,"South Warehouse, East Farm, Ocean Port",George Lime,Day,2025-03-20
124,16:00,Kevin Red,"Mountain Processing, East Farm",George Lime,Night,2025-03-20
125,06:30,Tom Blue,"Central Depot, West Collection Center, Lowland Depot",Anna Black,Day,2025-03-20
125,16:00,Michael White,"Valley Farm, Highland Storage",Anna Black,Night,2025-03-20
126,06:30,Susan Grey,"Highland Storage, East Farm, Valley Farm",Rachel Amber,Day,2025-03-20
126,16:00,Nancy Silver,"Ocean Port, Valley Farm, South Warehouse",Rachel Amber,Night,2025-03-20
127,06:00,Lisa Yellow,"Highland Storage, North Mill",Rachel Amber,Day,2025-03-20
127,16:00,Emily Purple,"East Farm, West Collection Center",Rachel Amber,Night,2025-03-20
128,04:30,Mary Green,"Valley Farm, South Warehouse",Rachel Amber,Day,2025-03-20
128,16:00,Jane Smith,"Mountain Processing, West Collection Center",Rachel Amber,Night,2025-03-20
129,05:30,Jane Smith,"Ocean Port, East Farm",Chris Magenta,Day,2025-03-20
129,16:00,David Orange,"East Farm, North Mill, Ocean Port",Chris Magenta,Night,2025-03-20
130,06:30,Jack Brown,"Highland Storage, Lowland Depot, West Collection Center",Nancy Silver,Day,2025-03-20
130,16:00,Jane Smith,"West Collection Center, Central Depot",Nancy Silver,Night,2025-03-20
131,04:30,Sarah Cyan,"Central Depot, West Collection Center, East Farm",Michael White,Day,2025-03-20
131,16:00,George Lime,"Valley Farm, Highland Storage, North Mill",Michael White,Night,2025-03-20
132,05:30,Kevin Red,"Lowland Depot, East Farm",Susan Grey,Day,2025-03-20
132,16:00,David Orange,"Central Depot, Highland Storage, Lowland Depot",Susan Grey,Night,2025-03-20
133,05:00,Rachel Amber,"Valley Farm, North Mill",Susan Grey,Day,2025-03-20
133,16:00,George Lime,"Valley Farm, Central Depot",Susan Grey,Night,2025-03-20
134,06:30,Emily Purple,"South Warehouse, North Mill, Mountain Processing",Rachel Amber,Day,2025-03-20
134,16:00,Michael White,"Valley Farm, East Farm",Rachel Amber,Night,2025-03-20
135,06:30,Mary Green,"Central Depot, West Collection Center, Mountain Processing",Kevin Red,Day,2025-03-20
135,16:00,Paul Gold,"Valley Farm, Ocean Port, East Farm",Kevin Red,Night,2025-03-20
136,04:30,Susan Grey,"Highland Storage, North Mill, East Farm",Michael White,Day,2025-03-20
136,16:00,Lisa Yellow,"Valley Farm, Mountain Processing, West Collection Center",Michael White,Night,2025-03-20
137,05:30,Mary Green,"Lowland Depot, Central Depot",Nancy Silver,Day,2025-03-20
137,16:00,John Doe,"West Collection Center, East Farm",Nancy Silver,Night,2025-03-20
138,05:00,Nancy Silver,"Ocean Port, East Farm, Central Depot",Emily Purple,Day,2025-03-20
138,16:00,Michael White,"North Mill, Mountain Processing",Emily Purple,Night,2025-03-20
139,05:30,Jack Brown,"Valley Farm, Highland Storage, East Farm",Emily Purple,Day,2025-03-20
139,16:00,Sarah Cyan,"West Collection Center, Lowland Depot",Emily Purple,Night,2025-03-20
140,06:30,Susan Grey,"Highland Storage, South Warehouse",Nancy Silver,Day,2025-03-20
140,16:00,George Lime,"Ocean Port, Valley Farm, South Warehouse",Nancy Silver,Night,2025-03-20
141,05:00,Kevin Red,"Mountain Processing, Central Depot, Highland Storage",Anna Black,Day,2025-03-20
141,16:00,John Doe,"East Farm, West Collection Center, Highland Storage",Anna Black,Night,2025-03-20
142,05:30,Paul Gold,"North Mill, Ocean Port",Emily Purple,Day,2025-03-20
142,16:00,John Doe,"Lowland Depot, Central Depot, South Warehouse",Emily Purple,Night,2025-03-20
101,05:30,Kevin Red,"Central Depot, Valley Farm",Lisa Yellow,Day,2025-03-21
101,16:00,Tom Blue,"Valley Farm, Highland Storage",Lisa Yellow,Night,2025-03-21
102,06:30,Chris Magenta,"Mountain Processing, Ocean Port",Anna Black,Day,2025-03-21
102,16:00,Emily Purple,"Valley Farm, South Warehouse",Anna Black,Night,2025-03-21
103,04:30,Mary Green,"Ocean Port, Highland Storage, East Farm",Anna Black,Day,2025-03-21
103,16:00,Paul Gold,"West Collection Center, Central Depot",Anna Black,Night,2025-03-21
104,05:30,Lisa Yellow,"South Warehouse, Valley Farm",Rachel Amber,Day,2025-03-21
104,16:00,Michael White,"Lowland Depot, East Farm, West Collection Center",Rachel Amber,Night,2025-03-21
105,05:00,Michael White,"South Warehouse, Ocean Port",Nancy Silver,Day,2025-03-21
105,16:00,David Orange,"Highland Storage, Central Depot",Nancy Silver,Night,2025-03-21
106,06:30,George Lime,"Central Depot, Mountain Processing",Nancy Silver,Day,2025-03-21
106,16:00,Lisa Yellow,"Valley Farm, Mountain Processing",Nancy Silver,Night,2025-03-21
107,06:00,Michael White,"Mountain Processing, Lowland Depot, East Farm",Lisa Yellow,Day,2025-03-21
107,16:00,Jack Brown,"East Farm, Highland Storage, Mountain Processing",Lisa Yellow,Night,2025-03-21
108,04:30,Sarah Cyan,"Mountain Processing, South Warehouse, Central Depot",David Orange,Day,2025-03-21
108,16:00,Anna Black,"Central Depot, Highland Storage, Mountain Processing",David Orange,Night,2025-03-21
109,04:30,Michael White,"South Warehouse, North Mill, East Farm",Paul Gold,Day,2025-03-21
109,16:00,Nancy Silver,"Mountain Processing, South Warehouse",Paul Gold,Night,2025-03-21
110,04:30,Michael White,"Valley Farm, East Farm, Highland Storage",Jack Brown,Day,2025-03-21
110,16:00,Jane Smith,"West Collection Center, Ocean Port, Highland Storage",Jack Brown,Night,2025-03-21
121,06:30,Kevin Red,"Valley Farm, South Warehouse",Paul Gold,Day,2025-03-21
121,16:00,Jack Brown,"Mountain Processing, West Collection Center",Paul Gold,Night,2025-03-21
122,04:30,Emily Purple,"Ocean Port, Mountain Processing",Kevin Red,Day,2025-03-21
122,16:00,Tom Blue,"North Mill, Mountain Processing, South Warehouse",Kevin Red,Night,2025-03-21
123,05:00,Jane Smith,"Valley Farm, West Collection Center",Susan Grey,Day,2025-03-21
123,16:00,Emily Purple,"Highland Storage, Ocean Port",Susan Grey,Night,2025-03-21
124,05:30,Sarah Cyan,"Central Depot, Highland Storage, North Mill",George Lime,Day,2025-03-21
124,16:00,Kevin Red,"Central Depot, Mountain Processing",George Lime,Night,2025-03-21
125,05:00,Tom Blue,"Valley Farm, South Warehouse",Anna Black,Day,2025-03-21
125,16:00,Michael White,"Lowland Depot, East Farm",Anna Black,Night,2025-03-21
126,04:30,Susan Grey,"Lowland Depot, Highland Storage, North Mill",Rachel Amber,Day,2025-03-21
126,16:00,Nancy Silver,"Mountain Processing, West Collection Center",Rachel Amber,Night,2025-03-21
127,06:30,Lisa Yellow,"Central Depot, Mountain Processing, West Collection Center",Rachel Amber,Day,2025-03-21
127,16:00,Emily Purple,"South Warehouse, East Farm, Mountain Processing",Rachel Amber,Night,2025-03-21
128,05:30,Mary Green,"Mountain Processing, Ocean Port",Rachel Amber,Day,2025-03-21
128,16:00,Jane Smith,"South Warehouse, Mountain Processing, Highland Storage",Rachel Amber,Night,2025-03-21
129,06:30,Jane Smith,"Valley Farm, North Mill, Central Depot",Chris Magenta,Day,2025-03-21
129,16:00,David Orange,"Ocean Port, Mountain Processing, East Farm",Chris Magenta,Night,2025-03-21
130,05:30,Jack Brown,"South Warehouse, Central Depot, Ocean Port",Nancy Silver,Day,2025-03-21
130,16:00,Jane Smith,"Valley Farm, South Warehouse, Lowland Depot",Nancy Silver,Night,2025-03-21
131,06:00,Sarah Cyan,"South Warehouse, West Collection Center, Lowland Depot",Michael White,Day,2025-03-21
131,16:00,George Lime,"Central Depot, North Mill",Michael White,Night,2025-03-21
132,06:00,Kevin Red,"Central Depot, North Mill",Susan Grey,Day,2025-03-21
132,16:00,David Orange,"Mountain Processing, North Mill, South Warehouse",Susan Grey,Night,2025-03-21
133,05:30,Rachel Amber,"Highland Storage, Central Depot, West Collection Center",Susan Grey,Day,2025-03-21
133,16:00,George Lime,"East Farm, Valley Farm",Susan Grey,Night,2025-03-21
134,04:30,Emily Purple,"Valley Farm, Highland Storage",Rachel Amber,Day,2025-03-21
134,16:00,Michael White,"Ocean Port, Valley Farm",Rachel Amber,Night,2025-03-21
135,04:30,Mary Green,"North Mill, Highland Storage, West Collection Center",Kevin Red,Day,2025-03-21
135,16:00,Paul Gold,"West Collection Center, Highland Storage",Kevin Red,Night,2025-03-21
136,05:30,Susan Grey,"North Mill, Central Depot",Michael White,Day,2025-03-21
136,16:00,Lisa Yellow,"Ocean Port, East Farm",Michael White,Night,2025-03-21
137,06:30,Mary Green,"South Warehouse, Valley Farm, Central Depot",Nancy Silver,Day,2025-03-21
137,16:00,John Doe,"Highland Storage, Ocean Port",Nancy Silver,Night,2025-03-21
138,06:30,Nancy Silver,"Central Depot, East Farm",Emily Purple,Day,2025-03-21
138,16:00,Michael White,"Valley Farm, Mountain Processing, West Collection Center",Emily Purple,Night,2025-03-21
139,06:00,Jack Brown,"East Farm, Central Depot, Ocean Port",Emily Purple,Day,2025-03-21
139,16:00,Sarah Cyan,"Central Depot, South Warehouse, East Farm",Emily Purple,Night,2025-03-21
140,04:30,Susan Grey,"Valley Farm, Central Depot, West Collection Center",Nancy Silver,Day,2025-03-21
140,16:00,George Lime,"West Collection Center, Ocean Port",Nancy Silver,Night,2025-03-21
141,05:00,Kevin Red,"Central Depot, Valley Farm, East Farm",Anna Black,Day,2025-03-21
141,16:00,John Doe,"Highland Storage, North Mill",Anna Black,Night,2025-03-21
142,05:30,Paul Gold,"Central Depot, East Farm, Highland Storage",Emily Purple,Day,2025-03-21
142,16:00,John Doe,"Ocean Port, Valley Farm, Central Depot",Emily Purple,Night,2025-03-21
101,05:30,Kevin Red,"West Collection Center, Ocean Port, Highland Storage",Lisa Yellow,Day,2025-03-22
101,16:00,Tom Blue,"Mountain Processing, South Warehouse, North Mill",Lisa Yellow,Night,2025-03-22
102,04:30,Chris Magenta,"Central Depot, Valley Farm",Anna Black,Day,2025-03-22
102,16:00,Emily Purple,"North Mill, West Collection Center",Anna Black,Night,2025-03-22
103,04:30,Mary Green,"Central Depot, West Collection Center",Anna Black,Day,2025-03-22
103,16:00,Paul Gold,"Ocean Port, Valley Farm, Highland Storage",Anna Black,Night,2025-03-22
104,05:30,Lisa Yellow,"North Mill, West Collection Center, East Farm",Rachel Amber,Day,2025-03-22
104,16:00,Michael White,"Lowland Depot, Mountain Processing",Rachel Amber,Night,2025-03-22
105,06:00,Michael White,"South Warehouse, East Farm, Mountain Processing",Nancy Silver,Day,2025-03-22
105,16:00,David Orange,"West Collection Center, Lowland Depot",Nancy Silver,Night,2025-03-22
106,06:00,George Lime,"West Collection Center, Valley Farm, South Warehouse",Nancy Silver,Day,2025-03-22
106,16:00,Lisa Yellow,"North Mill, Ocean Port, Valley Farm",Nancy Silver,Night,2025-03-22
107,05:00,Michael White,"East Farm, Ocean Port",Lisa Yellow,Day,2025-03-22
107,16:00,Jack Brown,"Central Depot, North Mill, Valley Farm",Lisa Yellow,Night,2025-03-22
108,06:30,Sarah Cyan,"North Mill, West Collection Center",David Orange,Day,2025-03-22
108,16:00,Anna Black,"West Collection Center, Central Depot",David Orange,Night,2025-03-22
109,05:30,Michael White,"East Farm, South Warehouse",Paul Gold,Day,2025-03-22
109,16:00,Nancy Silver,"Valley Farm, Central Depot, South Warehouse",Paul Gold,Night,2025-03-22
110,04:30,Michael White,"Highland Storage, Lowland Depot",Jack Brown,Day,2025-03-22
110,16:00,Jane Smith,"Mountain Processing, West Collection Center, Highland Storage",Jack Brown,Night,2025-03-22
121,05:30,Kevin Red,"South Warehouse, West Collection Center",Paul Gold,Day,2025-03-22
121,16:00,Jack Brown,"Central Depot, North Mill, West Collection Center",Paul Gold,Night,2025-03-22
122,05:00,Emily Purple,"North Mill, East Farm",Kevin Red,Day,2025-03-22
122,16:00,Tom Blue,"North Mill, West Collection Center",Kevin Red,Night,2025-03-22
123,06:00,Jane Smith,"South Warehouse, Central Depot, Valley Farm",Susan Grey,Day,2025-03-22
123,16:00,Emily Purple,"Lowland Depot, Ocean Port",Susan Grey,Night,2025-03-22
124,05:00,Sarah Cyan,"West Collection Center, South Warehouse, Valley Farm",George Lime,Day,2025-03-22
124,16:00,Kevin Red,"Lowland Depot, Highland Storage, East Farm",George Lime,Night,2025-03-22
125,06:30,Tom Blue,"East Farm, Highland Storage",Anna Black,Day,2025-03-22
125,16:00,Michael White,"Central Depot, Lowland Depot",Anna Black,Night,2025-03-22
126,05:00,Susan Grey,"Ocean Port, Valley Farm, South Warehouse",Rachel Amber,Day,2025-03-22
126,16:00,Nancy Silver,"North Mill, South Warehouse, Mountain Processing",Rachel Amber,Night,2025-03-22
127,05:00,Lisa Yellow,"Valley Farm, Mountain Processing, West Collection Center",Rachel Amber,Day,2025-03-22
127,16:00,Emily Purple,"Central Depot, Lowland Depot",Rachel Amber,Night,2025-03-22
128,05:00,Mary Green,"West Collection Center, Highland Storage, North Mill",Rachel Amber,Day,2025-03-22
128,16:00,Jane Smith,"West Collection Center, Valley Farm, East Farm",Rachel Amber,Night,2025-03-22
129,05:00,Jane Smith,"South Warehouse, Valley Farm, Ocean Port",Chris Magenta,Day,2025-03-22
129,16:00,David Orange,"West Collection Center, North Mill",Chris Magenta,Night,2025-03-22
130,06:30,Jack Brown,"Valley Farm, South Warehouse",Nancy Silver,Day,2025-03-22
130,16:00,Jane Smith,"West Collection Center, Ocean Port",Nancy Silver,Night,2025-03-22
131,05:30,Sarah Cyan,"Highland Storage, Central Depot, Ocean Port",Michael White,Day,2025-03-22
131,16:00,George Lime,"North Mill, Lowland Depot, South Warehouse",Michael White,Night,2025-03-22
132,06:30,Kevin Red,"Mountain Processing, Ocean Port, Highland Storage",Susan Grey,Day,2025-03-22
132,16:00,David Orange,"Valley Farm, Highland Storage",Susan Grey,Night,2025-03-22
133,05:30,Rachel Amber,"South Warehouse, Central Depot, North Mill",Susan Grey,Day,2025-03-22
133,16:00,George Lime,"Lowland Depot, East Farm, West Collection Center",Susan Grey,Night,2025-03-22
134,06:00,Emily Purple,"Highland Storage, North Mill",Rachel Amber,Day,2025-03-22
134,16:00,Michael White,"Central Depot, East Farm",Rachel Amber,Night,2025-03-22
135,05:30,Mary Green,"Ocean Port, North Mill, South Warehouse",Kevin Red,Day,2025-03-22
135,16:00,Paul Gold,"Highland Storage, Lowland Depot",Kevin Red,Night,2025-03-22
136,06:30,Susan Grey,"Highland Storage, Central Depot, Lowland Depot",Michael White,Day,2025-03-22
136,16:00,Lisa Yellow,"South Warehouse, Ocean Port, Central Depot",Michael White,Night,2025-03-22
137,05:00,Mary Green,"Central Depot, West Collection Center, Ocean Port",Nancy Silver,Day,2025-03-22
137,16:00,John Doe,"South Warehouse, Valley Farm",Nancy Silver,Night,2025-03-22
138,06:00,Nancy Silver,"Highland Storage, Central Depot",Emily Purple,Day,2025-03-22
138,16:00,Michael White,"Highland Storage, East Farm",Emily Purple,Night,2025-03-22
139,04:30,Jack Brown,"Highland Storage, West Collection Center, Central Depot",Emily Purple,Day,2025-03-22
139,16:00,Sarah Cyan,"Highland Storage, Central Depot, Valley Farm",Emily Purple,Night,2025-03-22
140,05:30,Susan Grey,"Central Depot, Lowland Depot, South Warehouse",Nancy Silver,Day,2025-03-22
140,16:00,George Lime,"Highland Storage, North Mill",Nancy Silver,Night,2025-03-22
141,04:30,Kevin Red,"Lowland Depot, Valley Farm, East Farm",Anna Black,Day,2025-03-22
141,16:00,John Doe,"Mountain Processing, West Collection Center",Anna Black,Night,2025-03-22
142,06:30,Paul Gold,"Lowland Depot, Ocean Port",Emily Purple,Day,2025-03-22
142,16:00,John Doe,"South Warehouse, West Collection Center, Lowland Depot",Emily Purple,Night,2025-03-22
